{
  "runtimeOptions": {
    "tfm": "net9.0",
    "rollForward": "LatestMinor",
    "frameworks": [
      {
        "name": "Microsoft.NETCore.App",
        "version": "9.0.0"
      },
      {
        "name": "Microsoft.AspNetCore.App",
        "version": "9.0.0"
      }
    ],
    "configProperties": {
      "MVVMTOOLKIT_ENABLE_INOTIFYPROPERTYCHANGING_SUPPORT": true,
      "System.Reflection.Metadata.MetadataUpdater.IsSupported": false,
      "System.Runtime.Serialization.EnableUnsafeBinaryFormatterSerialization": false
    }
  }
}